Name	Time	Type	Distance
car649803	377	3	9.555017
car649802	388	3	8.055578
car649805	398	1	9.562496
car650403	361	1	7.70779
car650400	373	3	9.210816
car650402	373	3	9.561107
car650401	437	1	10.718095
car649804	499	3	10.554171
car649800	512	0	10.653347
car649801	512	3	10.651125
car650404	481	0	11.806061
car652200	302	0	7.5591483
car652201	350	1	7.616945
car653400	313	0	7.6649976
car654000	408	3	10.263364
car654001	442	0	10.266443
car654002	470	3	10.722219
car654003	491	3	10.6505575
