Name	Time	Type	Distance	Tini	TFin
car6840041	385	3	8.005572	68400	68785
car6846027	343	3	7.4094586	68460	68803
car6840092	405	3	8.0071745	68400	68805
